{
	"pitch" : 0.83735752498840432,
	"roll" : -0.016665632445855064,
	"x" : 0.012178475405735939,
	"y" : 0.1187693748053488,
	"yaw" : -0.27849363595043458,
	"z" : -0.11969017124385317
}
