{
	"pitch" : 0.83706917367393319,
	"roll" : -0.015984846555102877,
	"x" : 0.012264118364789217,
	"y" : 0.11894656692324498,
	"yaw" : -0.27655213463475131,
	"z" : -0.11953340004775853
}
