{
	"pitch" : 0.83673339523190171,
	"roll" : -0.016604508419178366,
	"x" : 0.012308753559910658,
	"y" : 0.11888719849465365,
	"yaw" : -0.2766408187152738,
	"z" : -0.11946401133370889
}
