{
	"pitch" : 0.83725924280772024,
	"roll" : -0.016899842911731078,
	"x" : 0.012188287201913943,
	"y" : 0.11875340538895771,
	"yaw" : -0.27844263068270531,
	"z" : -0.11965992027611741
}
