{
	"pitch" : 0.83725270926049722,
	"roll" : -0.016972100839902332,
	"x" : 0.012189729723314724,
	"y" : 0.11878885406337242,
	"yaw" : -0.27786998482815289,
	"z" : -0.11960483468424124
}
