{
	"angular_velocity" : 
	{
		"x" : 0.0070000000000000001,
		"y" : 0.14000000000000001,
		"z" : -0.023
	},
	"linear_acceleration" : 
	{
		"x" : -0.067000000000000004,
		"y" : 6.4850000000000003,
		"z" : 7.3250000000000002
	},
	"orientation" : 
	{
		"w" : 0.16930904904748809,
		"x" : -0.73719085121650707,
		"y" : 0.54389830688547669,
		"z" : -0.36339885327340915
	}
}
