{
	"angular_velocity" : 
	{
		"x" : 0.042999999999999997,
		"y" : 0.079000000000000001,
		"z" : 0.079000000000000001
	},
	"linear_acceleration" : 
	{
		"x" : -0.10299999999999999,
		"y" : 6.4500000000000002,
		"z" : 7.3579999999999997
	},
	"orientation" : 
	{
		"w" : 0.16930904904748809,
		"x" : -0.73719085121650707,
		"y" : 0.54389830688547669,
		"z" : -0.36339885327340915
	}
}
