{
	"angular_velocity" : 
	{
		"x" : 0.072999999999999995,
		"y" : -0.069000000000000006,
		"z" : 0.025000000000000001
	},
	"linear_acceleration" : 
	{
		"x" : -0.091999999999999998,
		"y" : 6.4539999999999997,
		"z" : 7.3630000000000004
	},
	"orientation" : 
	{
		"w" : 0.16930904904748809,
		"x" : -0.73719085121650707,
		"y" : 0.54389830688547669,
		"z" : -0.36339885327340915
	}
}
