{
	"angular_velocity" : 
	{
		"x" : 0.056000000000000001,
		"y" : 0.22600000000000001,
		"z" : 0.255
	},
	"linear_acceleration" : 
	{
		"x" : -0.027,
		"y" : 6.4340000000000002,
		"z" : 7.3460000000000001
	},
	"orientation" : 
	{
		"w" : 0.16930904904748809,
		"x" : -0.73719085121650707,
		"y" : 0.54389830688547669,
		"z" : -0.36339885327340915
	}
}
