{
	"angular_velocity" : 
	{
		"x" : 0.087999999999999995,
		"y" : 0.106,
		"z" : 0.021999999999999999
	},
	"linear_acceleration" : 
	{
		"x" : -0.124,
		"y" : 6.4400000000000004,
		"z" : 7.3639999999999999
	},
	"orientation" : 
	{
		"w" : 0.16930904904748809,
		"x" : -0.73719085121650707,
		"y" : 0.54389830688547669,
		"z" : -0.36339885327340915
	}
}
