{
	"pitch" : 0.87242773925376615,
	"roll" : -0.010460082512592232,
	"x" : 0.019929629422538078,
	"y" : -0.44440000867980139,
	"yaw" : 0.28365323152885535,
	"z" : -0.10652591351152615
}
