{
	"pitch" : 0.87220150046061695,
	"roll" : -0.010609168681318873,
	"x" : 0.019974690282666355,
	"y" : -0.44440634653988714,
	"yaw" : 0.28358421830973851,
	"z" : -0.10651509723596171
}
