{
	"pitch" : 0.87234315690790387,
	"roll" : -0.010483821897974994,
	"x" : 0.019947963409851416,
	"y" : -0.44438516223314983,
	"yaw" : 0.28366752236981418,
	"z" : -0.1065166241752514
}
