{
	"pitch" : 0.87248517210930354,
	"roll" : -0.010568089737322706,
	"x" : 0.019926752254199348,
	"y" : -0.4443951032886993,
	"yaw" : 0.28356426094094789,
	"z" : -0.10652361650732373
}
