{
	"pitch" : 0.87218456560118762,
	"roll" : -0.01039717616033878,
	"x" : 0.019979317652446097,
	"y" : -0.44435697198244684,
	"yaw" : 0.28371032163046084,
	"z" : -0.10650451692524839
}
