{
	"angular_velocity" : 
	{
		"x" : -0.42499999999999999,
		"y" : -0.067000000000000004,
		"z" : -0.083000000000000004
	},
	"linear_acceleration" : 
	{
		"x" : -0.042999999999999997,
		"y" : 6.468,
		"z" : 7.3259999999999996
	},
	"orientation" : 
	{
		"w" : -0.039583290950854,
		"x" : -0.72534721465968088,
		"y" : 0.65545233895312438,
		"z" : -0.20660787164051009
	}
}
