{
	"angular_velocity" : 
	{
		"x" : -0.38,
		"y" : -0.17899999999999999,
		"z" : 0.24099999999999999
	},
	"linear_acceleration" : 
	{
		"x" : -0.001,
		"y" : 6.476,
		"z" : 7.2910000000000004
	},
	"orientation" : 
	{
		"w" : -0.043009251218238578,
		"x" : -0.72507945521362549,
		"y" : 0.65442463115442773,
		"z" : -0.21009138505695457
	}
}
