{
	"angular_velocity" : 
	{
		"x" : -0.29999999999999999,
		"y" : -0.036999999999999998,
		"z" : -0.33900000000000002
	},
	"linear_acceleration" : 
	{
		"x" : -0.036999999999999998,
		"y" : 6.476,
		"z" : 7.2859999999999996
	},
	"orientation" : 
	{
		"w" : -0.039583290950854,
		"x" : -0.72534721465968088,
		"y" : 0.65545233895312438,
		"z" : -0.20660787164051009
	}
}
