{
	"angular_velocity" : 
	{
		"x" : -0.59999999999999998,
		"y" : -0.10100000000000001,
		"z" : 0.014
	},
	"linear_acceleration" : 
	{
		"x" : 0.052999999999999999,
		"y" : 6.3819999999999997,
		"z" : 7.4450000000000003
	},
	"orientation" : 
	{
		"w" : -0.038549761106870653,
		"x" : -0.72861539587791246,
		"y" : 0.65181742485403948,
		"z" : -0.20680320467759838
	}
}
