{
	"angular_velocity" : 
	{
		"x" : 0.053999999999999999,
		"y" : -0.071999999999999995,
		"z" : 0.040000000000000001
	},
	"linear_acceleration" : 
	{
		"x" : 0.012,
		"y" : 6.492,
		"z" : 7.282
	},
	"orientation" : 
	{
		"w" : -0.038549761106870653,
		"x" : -0.72861539587791246,
		"y" : 0.65181742485403948,
		"z" : -0.20680320467759838
	}
}
